#NOMBRE PARTIDA,PARTIDA ,CREDITO INICIAL,CREDITO DEFINITIVO,OBLIGACIONES RECONOCIDAS 
INTERESES PRÉSTAMO 2008 (BBVA),011. .31000. ,4000.0,4000.0,1226.57
INTERESES PRÉSTAMO CAJA MADRID 2005,011. .31011. ,700.0,700.0,18.77
INTERESES PRÉSTAMO BBK 2007,011. .31012. ,6000.0,6000.0,1174.07
INTERESES PRÉSTAMO CAJA MADRID 2006,011. .31013. ,2000.0,2000.0,440.75
INTERESES PRÉSTAMO BANCO VALENCIA ICO 2007,011. .31014. ,24900.0,22173.76,21898.32
INTERESES PRÉSTAMO CAIXA VINARÒS 2010,011. .31015. ,13000.0,13000.0,8473.6
OTROS GASTOS FINANCIEROS,011. .31900. ,34000.0,32458.84,12461.96
INTERESES F. SOTERRAÑES 2009,011. .31919. ,26418.41,26418.41,26897.05
INTERESES DE DEMORA F. SOTERRAÑES 2009,011. .35200.14,91403.52,91403.52,91403.52
,,,,
AMORTIZACION SUBVENCION CENTRO CONOCIMIENTO,011. .91101. ,228640.0,228640.0,228640.0
AMORTIZACION SUBVENCION SOTERRAÑYES 2008,011. .91102. ,228493.98,228493.98,228493.98
AMORTIZACION PRESTAMO SOTERRAÑES 2009,011. .91103.14,390962.98,390962.98,390962.28
AMORTIZACIÓN F. SOTERRAÑES 2009,011. .91104. ,418074.0,418074.0,418074.0
AMORTIZACIONES PRESTAMO BBVA (2008),011. .91200. ,202829.52,204370.68,202829.52
AMORTIZACIONES CAJA MADRID 2005,011. .91211. ,47000.0,47000.0,45518.1
AMORTIZACIONES CAJA MADRID 2006,011. .91212. ,311668.52,389668.52,389585.57
AMORTIZACIONES PRÉSTAMO BBK 2007,011. .91213. ,454671.84,454671.84,454671.84
AMORTIZACION PRÉSTAMO BANCO VALENCIA ICO 2007,011. .91214. ,591250.0,593976.24,593976.24
AMORTIZACIÓN PRESTAMO CAIXA VINARÒS 2010,011. .91215. ,39960.0,274960.0,278066.71
,,,,
,,,,
,,,,
,,,,
RETRIBUCIONES BASICAS FUNCIONARIOS A1,130. .12000. ,13198.29,13198.29,
RETRIBUCIONES BASICAS FUNCIONARIOS A2,130. .12001. ,64938.3,64938.3,67848.67
RETRIBUCIONES BASICAS FUNCIONARIOS C1,130. .12003. ,744327.48,625705.51,628067.67
RETRIBUCIONES BASICAS FUNCIONARIOS C2,130. .12004. ,20629.82,20629.82,20728.69
TRIENIOS FUNCIONARIOS,130. .12006. ,78309.84,78309.84,89724.31
COMPLEMENTO DE DESTINO FUNCIONARIOS,130. .12100. ,331756.16,222756.16,233062.27
COMPLEMENTO ESPECÍFICO FUNCIONARIOS,130. .12101. ,623437.44,586996.6,475652.5
RETRIBUCIONES BASICAS,130. .13000. ,21864.25,21864.25,22156.94
RETRIBUCIONES COMPLEMENTARIAS LABORALES,130. .13002. ,25286.71,25286.71,24584.24
GRATIFICACION POR PROLONGACION DE JORNADA,130. .15100. ,180000.0,180000.0,145533.02
SEGURIDAD SOCIAL,130. .16000. ,561700.8,561700.8,528507.46
FORMACION Y PERFECCIONAMIENTO DEL PERSONAL,130. .16200. ,2500.0,2500.0,
,,,,
ALQUILER ALMACÉN DEPÓSITO DE VEHÍCULOS,130. .20200. ,32632.9,32632.9,32480.79
"ARRENDAMIENTO DE MAQUINARIA, INSTALACIONES Y UTILL",130. .20300. ,,,
MANTENIMIENTO MAQU INSTALAC Y UTILLAJE,130. .21300. ,7210.0,8332.34,2236.12
MATERIAL TÉCNICO,130. .22003. ,10000.0,10035.42,11073.62
VESTUARIO,130. .22104. ,25000.0,25000.0,24006.99
GASTOS DIVERSOS,130. .22699. ,9000.0,9000.0,15112.95
CURSOS DE FORMACION A POLICIAS,130. .22701. ,3000.0,3000.0,3230.53
,,,,
,,,,
REPARACIÓN VEHÍCULOS,132. .21400. ,25000.0,25648.39,32098.43
RETIRADA VEHICULOS,132. .22704. ,500.0,500.0,958.32
,,Campo181:,TOTPART:,TOTPARTO:
MOTOCICLETAS POLICÍA,132. .62400.14,18000.0,18000.0,17999.98
"ARMAMENTO,MAQUINARIA.INSTALACIONES Y UTILLAJE",132. .63300. ,5000.0,7434.25,5851.06
,,,,
,,,,
SERVICIO DE CONTROL E IDENTIFICACION AUT. DE VEHÍC,133. .22701. ,120000.0,156539.58,145294.38
GESTION MULTAS DIPUTACION,133. .22708. ,70000.0,2765.0,
,,,,
SEÑALIZACIONES VIARIAS,133. .61900. ,18000.0,18000.0,17058.18
,,,,
,,,,
GASTOS DIVERSOS,135. .22699. ,4000.0,4000.0,3966.68
,,,,
,,,,
CONVENIO BOMBEROS,136. .46701. ,168441.72,168441.72,167220.84
,,,,
,,,,
,,,,
RETRIBUCIONES BASICAS FUNCIONARIOS A1,150. .12000. ,38339.97,38339.97,41688.4
RETRIBUCIONES BASICAS FUNCIONARIOS A2,150. .12001. ,79387.04,79387.04,79153.41
RETRIBUCIONES BÁSICAS FUNCIONARIOS B,150. .12002. ,14210.06,14210.06,7086.35
RETRIBUCIONES BASICAS FUNCIONARIOS C1,150. .12003. ,17753.63,17753.63,31789.62
RETRIBUCIONES BASICAS FUNCIONARIOS C2,150. .12004. ,72363.94,72363.94,62140.04
TRIENIOS FUNCIONARIOS,150. .12006. ,31416.36,31416.36,28724.64
COMPLEMENTO DE DESTINO FUNCIONARIOS,150. .12100. ,98211.1,98211.1,94844.73
COMPLEMENTO ESPECÍFICO FUNCIONARIOS,150. .12101. ,139754.3,139754.3,129626.16
GRATIFICACIONES POR PROLONGACION JORNADA,150. .15100. ,5000.0,5000.0,3149.79
SEGURIDAD SOCIAL,150. .16000. ,132548.52,132548.52,167999.9
,,,,
MANTENIMIENTO EDIFICIOS MUNICIPALES,150. .21200. ,150000.0,162172.95,182264.3
MANTENIMIENTO ASCENSORES,150. .21300. ,14500.0,14500.0,15871.45
MATERAL TÉCNICO,150. .22000. ,2000.0,2000.0,1260.74
ESTUDIOS Y TRABAJOS POR EMPRESAS,150. .22706. ,60000.0,60000.0,53709.01
,,,,
MAQ. INST. Y UTILLAJES PARA REMODEL. EDIFICIOS PN,150. .62300.15,,8836.47,8744.37
MOBILIARIO,150. .62500. ,3000.0,20412.61,20412.61
,,,,
,,,,
INDEMNIZACIONES JUDICIALES (VANDOSWKA),151. .22604.11,310344.9,310344.9,310344.9
ELABORACION PROGRAMA D.U.S.I,151. .22706.15,,,605.0
,,,,
SOLAR COMES ESTELLER,151. .60002. ,465392.66,465392.66,
INDEMNIZACIONES CARCELLER,151. .60004.14,452779.3,905558.6,450965.32
INDEMNIZACIONES JUDICIALES (corral Batet),151. .60005.14,444895.99,444895.99,444895.99
REHABILITACIO CASA DE LA VILA,151. .63200.15,,60000.0,40088.5
,,,,
,,,,
RETRIBUCIONES BASICAS FUNCIONARIOS C2,1533. .12004. ,10659.94,10659.94,10642.21
TRIENIOS FUNCIONARIOS,1533. .12006. ,2148.0,2148.0,2058.5
COMPLEMENTO DE DESTINO FUNCIONARIOS,1533. .12100. ,4467.96,4467.96,4467.96
COMPLEMENTO ESPECÍFICO FUNCIONARIOS,1533. .12101. ,7092.6,7092.6,7092.6
RETRIBUCIONES BASICAS LABORALES,1533. .13000. ,308612.04,308612.04,443980.54
RETRIBUCIONES COMPLEMENTARIAS LABORALES,1533. .13002. ,300083.04,300083.04,106838.54
GRATIFICACIONES POR  PROLONGACION  DE JORNADA,1533. .15100. ,40000.0,40000.0,48553.6
SEGURIDAD SOCIAL,1533. .16000. ,179707.98,159707.98,171093.11
,,,,
ALQUILER VEHICULOS,1533. .20400. ,,,3550.0
MANTENIMIENTO VIALES,1533. .21000.02,500000.0,573755.25,526705.73
MANTENIMINENTOS ACTOS VANDÁLICOS,1533. .21000.04,18000.0,18000.0,10888.15
MANTENIMIENTO MAQUINARIA,1533. .21300. ,4000.0,4000.0,6602.84
MATERIAL TECNICO,1533. .22003. ,2000.0,2000.0,9187.63
VESTUARIO DE LA BRIGADA,1533. .22104. ,2000.0,2000.0,4323.28
,,,,
URBANIZACION CALLE DENTOL,1533. .60900.13,137260.77,137260.77,56313.46
PLUVIALES CAMI FONDO,1533. .60900.14,40000.0,40000.0,
URBANIZACION CALLE MOLA D´ARES,1533. .60901.13,93968.6,93968.6,83778.34
ACONDICIONAMIENTO CONVENTO SAN FRANCISCO,1533. .60901.15,500000.0,374859.39,374308.12
APERTURA CARRER SAN JOAQUIN ,1533. .60902.15,,11700.0,11633.7
OBRA CALLE SANTA BARBARA,1533. .60903.14,,188675.72,188675.72
RENOVACIÓN PARQUES INFANTILES Y SANTA CATALINA,1533. .61900. ,80000.0,118529.16,92657.07
RENOVACION PAVIMENTOS ASFALTICOS,1533. .61901.12,,265000.0,262987.24
MAQUINARIA. INSTALACIONES Y UTILLAJES,1533. .62300. ,3000.0,6000.0,3614.75
MOBILIARIO URBANO,1533. .62500. ,20000.0,39640.63,38406.97
,,,,
,,,,
,,,,
MANTENIMIENTO ESTACIONES DE BOMBEO AGUAS SUCIAS,161. .22700. ,21500.0,21500.0,21415.77
,,,,
,,,,
SERVICIO RECOGIDA Y TRANSPORTE RSU,1621. .22700. ,942857.14,942857.14,903085.84
SUPERVISION CONTRATO RSU,1621. .22799. ,14519.98,14519.98,10890.0
,,,,
,,,,
CONCESION LIMPIEZA VIARIA,163. .22700. ,854917.64,799917.64,778530.63
SUPERVISION CONTRATO LIMPIEZA VIARIA,163. .22799. ,14520.0,14520.0,10890.0
,,,,
,,,,
RETRIBUCIONES BASICAS LABORALES,164. .13000. ,11755.86,15755.86,11755.86
RETRIBUCIONES COMPLEMENTARIAS LABORALES,164. .13002. ,11144.64,11144.64,11144.64
GRATIFICACION POR PROLONGACION JORNADA,164. .15100. ,3000.0,3000.0,5184.81
SEGURIDAD SOCIAL,164. .16000. ,6915.43,6915.43,8340.17
,,,,
REPARACION INFRAESTRUCTURAS CEMENTERIO,164. .21200. ,8000.0,10419.37,10662.61
REPARACION MAQ INST Y UTILLAJE CEMENTERIO,164. .21300. ,1500.0,1500.0,1155.76
GASTOS DIVERSOS,164. .22699. ,1000.0,1000.0,778.86
,,,,
CONSTRUCCION NICHOS CEMENTERIO,164. .60900.15,,58394.7,50215.0
VALLADO AMPLICACION CEMENTERIO,164. .69200.14,,91605.3,81370.85
,,,,
,,,,
CONCESIONARIA ALUMBRADO PUBLICO,165. .21000. ,750000.0,750000.0,267006.06
SUMINISTRO ENERGÍA ELECTRICA,165. .22100. ,125000.0,200000.0,686587.83
,,,,
,,,,
,,,,
RETRIBUCIONES BÁSICAS FUNCIONARIOS A2,170. .12001. ,15662.76,15662.76,15591.46
TRIENIOS FUNCIONARIOS,170. .12006. ,834.48,834.48,1251.72
COMPLEMENTO DE DESTINO FUNCIONARIOS,170. .12100. ,6995.04,6995.04,6995.04
COMPLEMENTO ESPECÍFICO FUNCIONARIOS,170. .12101. ,8934.0,8934.0,9093.12
PERSONAL LABORAL TEMPORAL PLAN EMPLEO CONJUNTO,170. .13100. ,,25000.0,14310.59
SEGURIDAD SOCIAL,170. .16000. ,8657.82,9957.82,11582.44
,,,,
GASTOS DIVERSOS,170. .22699. ,1500.0,4754.65,6680.71
ISO 14001,170. .22706. ,4553.36,5714.96,5714.96
,,,,
"SUBVENCIÓN ""EL CAU""",170. .48009. ,5000.0,5000.0,5000.0
"SUBVENCIÓN ""PRODA""",170. .48017. ,2400.0,2400.0,2400.0
,,,,
,,,,
MANTENIMIENTO PLAYAS,1711. .21000. ,9000.0,9861.91,6375.08
AUTONOMICOS. CANON OCUPACION PLAYAS,1711. .22501. ,4000.0,4000.0,
VIGILANCIA PLAYAS,1711. .22701. ,90270.0,90270.0,83311.42
MANTENIMIENTO Y CONSERVACION ZONAS VERDES,1711. .22799. ,333232.91,362692.91,370618.78
,,,,
REPARACIÓN INFRAESTRUCTURA JARDINERÍA,1712. .21200. ,50000.0,108840.84,88029.54
MANTENIMIENTO Y LIMPIEZA PLAYAS,1712. .22799. ,198900.0,198900.0,194390.52
,,,,
,,,,
,,,,
,,,,
PRESTACIONES SOCIALES FUNCIONARIOS,221. .16204. ,10880.0,10880.0,12107.85
PRESTACIONES SOCIALES PERSONAL,221. .16206. ,15000.0,15000.0,22351.29
PRESTACIONES  SOCIALES LABORALES,221. .16304. ,10880.0,20080.0,10462.82
,,,,
ANTICIPOS PERSONAL,221. .83000. ,10000.0,10000.0,
,,,,
,,,,
,,,,
RETRIBUCIONES CRIS,2311. .13000. ,143871.3,143871.3,155744.72
RETRIBUCIONES COMPLEMENTARIAS CRIS,2311. .13002. ,131415.6,131415.6,117858.6
UPCCA,2311. .13100. ,29281.57,29281.57,23643.2
SEGURIDAD SOCIAL,2311. .16000. ,81319.78,81319.78,125270.01
,,,,
ALQUILER LOCAL TALLERES,2311. .20200. ,4050.0,4050.0,5178.3
PROGRAMAS,2311. .22603. ,14000.0,14000.0,25264.76
PROGRAMA COMEDOR ESCOLAR,2311. .22603.15,,10208.0,
GASTOS DIVERSOS CRIS,2311. .22699.00,4000.0,4000.0,2826.93
GASTO CORRIENTE UPCCA,2311. .22699.01,4000.0,4000.0,2050.02
PROGRAMA ERASMUS +,2311. .22699.11,,5233.75,4664.25
PROGRAMAS INMIGRACIÓN. AGENCIA AMICS,2311. .22706. ,2500.0,2500.0,
DIETAS PROGRAMA ERASMUS +,2311. .23010. ,,,192.2
,,,,
PRESTACIONES ECONOMICAS,2311. .48001. ,150000.0,225000.0,194308.99
PEIS ACOGIMIENTO FAMILIAR,2311. .48005. ,10000.0,15992.0,12114.0
"CONVENIO CARITAS ""COMEDOR SOCIAL""",2311. .48010. ,60000.0,60000.0,60000.0
ONGs y ASOCIACIONES LOCALES,2311. .49000. ,65000.0,65000.0,63006.67
,,,,
RETRIBUCIONES BASICAS LABORALES FIJOS (AMICS),2312. .13000. ,16711.92,16711.92,17322.84
RETRIBUCIONES COMPLEMENTARIAS LABORALES FIJOS,2312. .13002. ,15919.56,15919.56,15919.56
,,,,
SEGURIDAD SOCIAL,2313. .16000. ,8712.61,8712.61,6933.7
,,,,
TRANSPORTE ADAPTADO,2313. .22300. ,36300.0,36300.0,28875.0
LOTES SAN JUAN,2313. .22601. ,18540.0,18540.0,17981.89
TARJETA DORADA,2313. .22605. ,1000.0,1000.0,418.0
"PROGRAMA ""MENJAR DOMICILIARI""",2313. .22606. ,10500.0,10500.0,6888.0
GIMNASIA 3ª EDAD,2313. .22799. ,7500.0,7500.0,6722.16
,,,,
Convenio Residencia-Centro de día,2313. .48010. ,187200.0,234650.0,201248.0
,,,,
RENOVACION CLIMATIZACION TERCERA EDAD,2313. .62300.14,,6578.83,6425.98
,,,,
RETRIBUCIONES BÁSICAS FUNCIONARIOS A2,2314. .12001. ,31626.56,31626.56,29467.76
RETRIBUCIONES BÁSICAS FUNCIONARIOS C1,2314. .12003. ,11999.94,11999.94,11544.52
TRIENIOS FUNCIONARIOS,2314. .12006. ,6066.72,6066.72,5561.16
COMPLEMENTO DE DESTINO FUNCIONARIOS,2314. .12100. ,19266.48,19266.48,17660.94
COMPLEMENTO ESPECÍFICO FUNCIONARIOS,2314. .12101. ,25214.28,25214.28,23130.47
RETRIBUCIONES BASICAS LABORALES FIJOS,2314. .13000. ,166071.04,166071.04,173737.96
RETRIBUCIONES COMPLEMENTARIAS LABORALES FIJOS,2314. .13002. ,146974.56,146974.56,138020.74
RETRIBUCIONES LABORAL EVENTUAL,2314. .13100. ,103790.19,103790.19,106377.42
GRATIFICACIÓN POR PROLONGACIÓN DE JORNADA,2314. .15100. ,10000.0,26000.0,6497.0
SEGURIDAD SOCIAL,2314. .16000. ,139109.61,139109.61,125531.3
,,,,
OTROS GASTOS DIVERSOS,2314. .22699. ,3000.0,3899.5,9326.28
,,,,
,,,,
,,,,
RETR. LAB. EVENTUAL FOTAE/2015/15/12 TALLER EMPLEO,241. .13100.15,,255557.84,76892.01
SEGURIDAD SOCIAL TALLER EMPLEO FOTAE/2015/15/12,241. .16000.15,,39550.0,7960.31
,,,,
APLICACION INFORMATICA AGENCIA COLOCACIÓN,241. .22203.01,690.0,690.0,1033.1
FORMACION PARA EMPRENDEDORES y DESEMPLEADOS,241. .22606. ,2000.0,2000.0,24.2
"FOMENTO INNOVACION, FORMACIÓN Y EMPRENDEDURISMO",241. .22699. ,54574.69,54574.69,64268.47
TALLER DE EMPLEO  FOTAE/2015/15/12 (AP.MUNICIPAL),241. .22699.01,20000.0,20000.0,1081.77
TALLER DE EMPLEO  FOTAE/2015/15/12 (AP.AUTONOMICA),241. .22699.02,,34560.0,6891.62
SERVICIOS VINALAP,241. .22799.15,,9000.0,8772.5
,,,,
AYUDAS A EMPRENDEDORES,241. .47000. ,15000.0,1000.0,
PROGRAMAS FOMENTO CONTRACION,241. .47001. ,20000.0,,
,,,,
,,,,
,,,,
,,,,
PRODUCTOS DE LIMPIEZA,311. .22100. ,19000.0,19000.0,2391.68
PRODUCTOS DE LIMPIEZA Y ASEO,311. .22110. ,,6000.0,28898.9
CONTROL DE LEGIONELA DESINSECTACIÓN Y DESRATIZACIÓ,311. .22700. ,47000.0,47000.0,39950.0
RECOGIDA ANIMALES MUERTOS,311. .22797. ,4635.0,4635.0,2088.76
RECOGIDA DE ANIMALES ABANDONADOS,311. .22798. ,9967.11,9967.11,11030.06
,,,,
,,,,
,,,,
RETRIBUCIONES BASICAS FUNCIONARIOS E/AP,320. .12005. ,9453.78,9453.78,11582.68
TRIENIOS FUNCIONARIOS,320. .12006. ,1616.4,1616.4,633.09
COMPLEMENTO DE DESTINO FUNCIONARIOS,320. .12100. ,3660.12,3660.12,4555.9
COMPLEMENTO ESPECÍFICO FUNCIONARIOS,320. .12101. ,5374.68,5374.68,4478.9
RETRIBUCIONES BASICAS LABORALES,320. .13000. ,281443.72,281443.72,312825.99
RETRIBUCIONES COMPLEMENTARIAS LABORALES,320. .13002. ,263795.52,243795.52,225592.01
GRATIFICACIONES POR PROLONGACION DE JORNADA,320. .15100. ,2000.0,2000.0,1175.85
SEGURIDAD SOCIAL,320. .16000. ,151480.91,151480.91,154126.22
,,,,
MAQUINARIA. INSTALACIONES Y UTILLAJES,320. .21300. ,3000.0,3000.0,
SUBVENCION LIBROS TEXTO,320. .22001. ,80000.0,103348.0,95397.82
GASTOS  DIVERSOS EDUCACION,320. .22699. ,4000.0,4000.0,2604.73
,,,,
PROGRAMA XARXA LLIBRES,320. .48000. ,,134221.84,132760.33
,,,,
,,,,
MANTENIMIENTOS EDIFICIOS,323. .21200. ,15000.0,15358.97,19742.06
GASOIL COLEGIOS,323. .22103. ,48000.0,48000.0,23417.1
,,,,
,,,,
RETRIBUCIONES BÁSICAS FUNCIONARIOS A2,3261. .12001. ,15865.56,15865.56,15786.09
TRIENIOS FUNCIONARIOS,3261. .12006. ,2503.44,2503.44,2267.0
COMPLEMENTO DESTINO FUNCIONARIOS,3261. .12100. ,6995.04,6995.04,6431.55
COMPLEMENTO ESPECÍFICO FUNCIONARIOS,3261. .12101. ,8934.0,8934.0,9173.3
MONITORES CASAL JOVE,3261. .13100. ,41793.36,41793.36,27643.67
SEGURIDAD SOCIAL,3261. .16000. ,20316.4,20316.4,10561.98
,,,,
ESCUELA DE VERANO L'ILLA,3261. .22606. ,70660.0,70660.0,86676.97
PARC DE NADAL,3261. .22609.04,12000.0,12000.0,10047.84
"ACTIVIDADES ""CASAL JOVE""",3261. .22609.02,10000.0,10000.0,4199.79
PROGRAMAS JUVENILES,3261. .22609.03,8000.0,8000.0,7204.08
,,,,
RETRIBUCIONES BÁSICAS C1,3262. .12003. ,12449.04,12449.04,11606.37
TRIENIOS FUNCIONARIOS,3262. .12006. ,1578.6,1578.6,342.0
COMPLEMENTO DE DESTINO FUNCIONARIOS,3262. .12100. ,5276.4,5276.4,6311.91
COMPLEMENTO ESPECÍFICO FUNCIONARIOS,3262. .12101. ,7357.56,7357.56,4644.57
SEGURIDAD SOCIAL,3262. .16000. ,7118.65,7118.65,2523.39
,,,,
MATERIAL ESCUELA DE ARTE,3262. .22000. ,4150.0,4606.17,5101.13
PROGRAMA TRANSPORTE ESCOLAR y UNIVERSITARIO,3262. .22300. ,110000.0,110000.0,96947.48
PROGRAMAS CULTURALES CENTROS Y DIFUSION EDUC.,3262. .22602. ,5000.0,5096.8,9875.09
GASTOS DIVERSOS,3262. .22699. ,4000.0,4000.0,3083.18
CHIQUIBONO,3262. .22706. ,131500.0,,11425.34
SERVICIOS EPA,3262. .22709. ,84000.0,84000.0,75021.75
,,,,
CHIQUIBONOS,3262. .48000. ,,131500.0,107410.84
,,,,
,,,,
,,,,
RETRIBUCIONES BÁSICAS FUNCIONARIOS A1,330. .12000. ,674.74,674.74,3835.92
RETRIBUCIONES BASICAS FUNCIONARIOS A2,330. .12001. ,40168.58,40168.58,26442.2
RETRIBUCIONES BASICAS FUNCIONARIOS C1,330. .12003. ,12061.42,12061.42,16462.55
RETRIBUCIONES BASICAS FUNCIONARIOS C2,330. .12004. ,10261.72,10261.72,599.25
TRIENIOS FUNCIONARIOS,330. .12006. ,3577.44,3577.44,2345.26
COMPLEMENTO DE DESTINO FUNCIONARIOS,330. .12100. ,30008.2,30008.2,20731.95
COMPLEMENTO ESPECÍFICO FUNCIONARIOS,330. .12101. ,39824.2,39824.2,27340.4
RETRIBUCIONES BASICAS LABORALES,330. .13000. ,97820.04,97820.04,120793.02
RETRIBUCIONES COMPLEMENTARIAS LABORALES,330. .13002. ,92974.2,67974.2,78613.55
GRATIFICACIONES CULTURA,330. .15100. ,2000.0,2000.0,6141.97
SEGURIDAD SOCIAL,330. .16000. ,87941.93,87941.93,70780.64
,,,,
MATERIAL TECNICO,330. .22003. ,500.0,1028.18,4163.6
GASTOS DIVERSOS,330. .22699. ,1000.0,7312.58,14106.15
,,,,
,,,,
"LIBROS, PRENSA Y REVISTAS CULT.",3321. .22001. ,14000.0,22112.91,15263.77
"PROGRAMA  ""ANIMACIÒ LECTORA""",3321. .22603. ,2000.0,2000.0,3848.83
BIBLIOTECA DEL MAR,3321. .22799. ,9000.0,9000.0,7181.49
,,,,
,,,,
ALQUILERES LOCALES,333. .20200. ,9607.53,9607.53,9438.0
MAQUINARIA. INSTALACIONES Y UTILLAJES,333. .21300. ,2000.0,12744.46,1206.14
,,,,
APERTURA MUSEO CABALLERIZAS,333. .61900.15,12000.0,15000.0,
,,,,
,,,,
ALQUILER MAQUINARIA CONCIERTOS,334. .20300. ,10000.0,10484.0,29637.38
PUBLICIDAD Y PROPAGANDA,334. .22602. ,3000.0,6467.69,17244.08
PROGRAMA DE NORMALIZACION LIGÜISTICA,334. .22606. ,3000.0,3000.0,5115.06
PROGRAMAS,334. .22609.00,54000.0,114833.5,106868.9
TALLER MUNICIPAL DE TEATRO,334. .22609.01,10000.0,10000.0,10000.0
ORGANIZACIÓN SEMANA SANTA,334. .22799. ,14000.0,14000.0,14000.0
,,,,
CONVENIO UJI,334. .42390. ,12000.0,12000.0,12000.0
PREMIOS Y BECAS DE CULTURA,334. .48008. ,6000.0,6000.0,
Amics de Vinaròs,334. .48012. ,6000.0,6000.0,1403.6
SUBVENCIÓN ESCUELA DE MÚSICA,334. .48025. ,42000.0,42000.0,42000.0
CONVENIO FUNDACION MARC BLOSANYES,334. .48026. ,3000.0,3000.0,
"CONVENIO ESCUELA DE MUSICA ""ESMUVI""",334. .48027. ,2500.0,5000.0,5000.0
,,,,
"MAQUINARIA, INSTALACIONES Y UTILLAJES",334. .62300. ,,1452.0,1452.0
,,,,
,,,,
ARRENDAMIENTO CARPAS,338. .20300. ,113712.0,113712.0,102542.36
CARNAVAL DE VERANO,338. .22609.04,9000.0,9000.0,9208.42
FESTEJOS POPULARES VERANO,338. .22609.00,128475.0,128475.0,164179.56
FESTEJOS POPULARES PATRONALES,338. .22609.01,22000.0,22000.0,13679.74
FESTEJOS POPULARES INVIERNO Y NAVIDAD,338. .22609.02,101000.0,107028.35,136270.73
FESTEJOS POPULARES VARIOS,338. .22609.03,30650.0,84896.98,21746.08
,,,,
PREMIOS,338. .48000. ,600.0,600.0,600.0
,,,,
,,,,
,,,,
RETRIBUCIONES BASICAS,340. .13000. ,143881.76,124381.76,136359.67
RETRIBUCIONES COMPLEMENTARIAS,340. .13002. ,142578.12,106150.2,103424.75
PROLONGACION DE JORNADA,340. .15100. ,,,1751.13
SEGURIDAD SOCIAL,340. .16000. ,76484.79,76484.79,59188.16
,,,,
PROGRAMAS DEPORTIVOS,340. .22699.00,25000.0,25000.0,519.95
GASTOS DIVERSOS,340. .22699.01,5000.0,5000.0,5570.68
,,,,
,,,,
TRANSPORTES,341. .22300. ,1000.0,1000.0,420.0
CAMPAÑAS DEPORTE POPULAR,341. .22609.00,10000.0,10000.0,19002.9
GASTOS DIVERSOS,341. .22609.01,5160.0,5728.51,4037.59
EVENTOS ESPECIALES,341. .22609.02,10000.0,10000.0,10705.53
,,,,
SUBVENCIONES DEPORTIVAS,341. .48000. ,95000.0,95000.0,93588.52
,,,,
,,,,
MANTENIMIENTO EDIFICIOS,342. .21200. ,40000.0,40653.9,47834.36
MANTENIMIENTO CESPED CIUDAD DEPORTIVA,342. .21201. ,5500.0,5500.0,14634.92
"MANTENIMIENTO, MAQUINARIA E INSTALACIONES",342. .21300. ,6000.0,6000.0,5636.39
COMBUSTIBLES Y CARBURANTES DEPORTES,342. .22103. ,6000.0,6000.0,6061.95
,,,,
,,,,
,,,,
,,,,
RETRIBUCIONES BASICAS LABORALES,410. .13000. ,19414.38,19414.38,19729.02
RETRIBUCIONES COMPLEMENTARIAS LABORALES,410. .13002. ,19765.32,19765.32,19593.2
PROLONGACION DE JORNADA,410. .15100. ,,,133.2
SEGURIDAD SOCIAL,410. .16000. ,10460.98,19460.98,17544.99
,,,,
DESBROCE CUNETAS Y HERVICIDA,410. .21000. ,32576.96,32576.96,13288.12
BRIGADA VERDE,410. .21002. ,60500.0,60500.0,39598.88
REPARACION MAQUINARIA CAMINOS,410. .21300. ,3000.0,3000.0,2139.72
GASTOS DIVERSOS,410. .22699. ,5000.0,5000.0,10697.75
,,,,
"PARTICIPACION MANCOMUNIDAD ""TAULA DEL SENIA""",410. .46300. ,13631.4,13631.4,13631.0
,,,,
,,,,
,,,,
CUOTAS MERCADO,4312. .22699.01,10000.0,10000.0,20800.0
,,,,
RETRIBUCIONES BASICAS FUNCIONARIOS C1,4314. .12003. ,12308.2,12308.2,28032.83
RETRIBUCIONES BASICAS FUNCIONARIOS C2,4314. .12004. ,10261.72,10261.72,8600.64
TRIENIOS FUNCIONARIOS,4314. .12006. ,2779.44,2779.44,4734.48
COMPLEMENTO DE DESTINO FUNCIONARIOS,4314. .12100. ,9744.36,9744.36,19365.26
COMPLEMENTO ESPECÍFICO FUNCIONARIOS,4314. .12101. ,13421.52,13421.52,17597.5
RETRIBUCIONES BASICAS LABORALES,4314. .13000. ,17187.08,17187.08,
RETRIBUCIONES COMPLEMENTARIAS LABORALES,4314. .13002. ,15919.56,15919.56,
PROLONGACION DE JORNADA,4314. .15100. ,,,1158.52
SEGURIDAD SOCIAL,4314. .16000. ,21793.04,21793.04,18915.02
,,,,
MANTENIMIENTO AFIC,4314. .20600. ,3000.0,3000.0,2300.0
CAMPAÑAS COMERCIALES,4314. .22602. ,33000.0,33055.99,28538.86
GASTOS DIVERSOS,4314. .22699.00,3000.0,8600.0,8073.61
,,,,
SUBVENCION ASOCIACION DE COMERCIANTES,4314. .48015. ,4800.0,4800.0,4800.0
,,,,
MAQUINARIA COMERCIO (COCINAS CURSOS),4314. .63300.15,18000.0,18000.0,18000.0
,,,,
,,,,
RETRIBUCIONES BASICAS FUNCIONARIOS C2,432. .12004. ,10296.08,10296.08,9924.13
TRIENIOS FUNCIONARIOS,432. .12006. ,817.92,817.92,549.53
COMPLEMENTO DE DESTINO FUNCIONARIOS,432. .12100. ,4467.96,4467.96,3810.18
COMPLEMENTO ESPECÍFICO FUNCIONARIOS,432. .12101. ,6186.0,6186.0,5280.91
RETRIBUCIONES BÁSICAS,432. .13000. ,29099.02,29099.02,28899.27
RETRIBUCIONES COMPLEMENTARIAS,432. .13002. ,26573.52,26573.52,27524.06
INFORMADOR TURISTICO PLAYACLOT-EMCORP/2015/202/12,432. .13100.15,,3996.41,972.4
PERSONAL TOURIST INFO-EMCORP/2015/412/12,432. .13101.15,,3996.41,972.4
MANTENIMIENTO ZONA LITORAL SUR-EMCORP/2015/413/12,432. .13102.15,,3977.21,833.9
GRATIFICACIONES TURISMO,432. .15100. ,200.0,200.0,664.87
SEGURIDAD SOCIAL,432. .16000. ,20676.61,20676.61,26937.5
,,,,
SUMINISTROS DIVERSOS,432. .22199. ,200.0,200.0,126.17
PROTOCOLO,432. .22601. ,3000.0,3000.0,3461.72
FERIAS DE TURISMO Y ACTOS PROMOCIONALES,432. .22602. ,20000.0,20108.72,12240.99
CREACIÓN OFERTA COMPLEMENTARIA,432. .22699.00,45000.0,45000.0,68614.55
GASTOS DIVERSOS,432. .22699.01,1500.0,1500.0,1786.61
SHOWS COOKING MERCADO,432. .22699.15,9000.0,9000.0,
ESTUDIOS Y TRABAJOS TÉCNICOS,432. .22706. ,3000.0,3000.0,
OTROS TRABAJOS REALIZADOS POR OTRAS EMPRESAS,432. .22799. ,18000.0,18000.0,18404.42
"PUBLICIDAD, EDICIÓN DE GUÍAS Y MATERIAL GRÁFICO",432. .24000. ,82000.0,82000.0,59017.04
,,,,
PREMIOS Y BECAS,432. .48002. ,5000.0,5000.0,2855.0
,,,,
EQUIPAMIENTO PLAYAS Y CALAS,432. .62500. ,15000.0,15000.0,9844.16
INVERSIONES EN EDIFICIOS Y CONSTRUCCIONES (LIMBO),432. .68200.15,,4235.0,4235.0
,,,,
,,,,
,,,,
SERVICIO DE TRANSPORTE URBANO,4411. .22300.01,171059.04,171059.04,148179.43
,,,,
,,,,
,,,,
MANTENIMIENTO DE CAMINOS RURALES,454. .21001. ,79000.0,79000.0,64484.3
,,,,
,,,,
,,,,
SUBVENCIÓN EXPLOTACIÓN VINALAB,492. .47900. ,20000.0,20000.0,20000.0
,,,,
,,,,
,,,,
,,,,
RETRIBUCIONES  BASICAS CONCEJALES,912. .10000. ,,56000.0,52276.6
RETRIBUCIONES BÁSICAS PERSONAL EVENTUAL,912. .11000. ,20935.31,8935.31,5805.2
RETRIBUCIONES COMPLEMENTARIAS PERSONAL EVENTUAL,912. .11001. ,24300.73,12300.73,4826.86
SEGURIDAD SOCIAL,912. .16000. ,12078.02,30078.02,18308.31
,,,,
INDEMNIZACIONES ASISTENCIAS ORGANOS COLEGIADOS,912. .23300. ,221400.0,171400.0,170575.0
,,,,
SUBVENCIONES GRUPOS POLÍTICOS,912. .48011. ,12840.0,12840.0,12302.49
,,,,
,,,,
,,,,
RETRIBUCIONES BASICAS FUNCIONARIOS A1,920. .12000. ,76646.32,76646.32,67060.05
RETRIBUCIONES BASICAS FUNCIONARIOS A2,920. .12001. ,31411.68,31411.68,31258.34
RETRIBUCIONES BÁSICAS FUNCIONARIOS B,920. .12002. ,49933.52,49933.52,4494.82
RETRIBUCIONES BASICAS FUNCIONARIOS C1,920. .12003. ,13937.3,13937.3,70195.76
RETRIBUCIONES BASICAS FUNCIONARIOS C2,920. .12004. ,103178.9,103178.9,93909.54
RETRIBUCIONES BASICAS FUNCIONARIOS E/AP,920. .12005. ,18449.58,18449.58,12362.81
TRIENIOS FUNCIONARIOS,920. .12006. ,32774.28,32774.28,31732.95
OTRAS RETRIBUCIONES BÁSICAS (PAGA EXTRA 2012),920. .12009. ,107336.15,216336.15,214810.68
COMPLEMENTO DE DESTINO FUNCIONARIOS,920. .12100. ,131584.2,131584.2,118259.35
COMPLEMENTO ESPECÍFICO FUNCIONARIOS,920. .12101. ,193159.8,193159.8,169765.88
RETRIBUCIONES BASICAS LABORAL FIJO,920. .13000. ,44653.16,44653.16,41787.54
RETRIBUCIONES COMPLEMENTARIAS LABORAL FIJO,920. .13002. ,45681.48,45681.48,35076.56
RETRIBUCIONES BASICAS LABORAL TEMPORAL,920. .13100. ,62789.09,62789.09,151272.05
BECAS FORMACION DIPUTACION,920. .13100.01,,4800.0,
PRODUCTIVIDAD,920. .15000. ,70000.0,70000.0,
PROLONGACION DE JORNADA ADMIN.,920. .15100. ,13500.0,13500.0,24778.76
SEGURIDAD SOCIAL,920. .16000. ,235157.13,235157.13,244278.21
FORMACION Y PERFECCIONAMIENTO DEL PERSONAL,920. .16200. ,3000.0,3000.0,652.0
,,,,
ALQUILERES TERRENO,920. .20000. ,31714.15,31714.15,52971.95
ALQUILERES DEPENDENCIAS MUNICIPALES,920. .20200. ,39930.0,39930.0,43560.0
LIMPIEZA EDIFICIOS MUNICIPALES,920. .21200. ,54864.96,54864.96,56524.41
MANTENIMIENTO VEHÍCULOS,920. .21400. ,38000.0,44538.86,39604.55
MOBILIARIO Y ENSERES,920. .21500. ,1000.0,1000.0,121.0
MATERIAL DE OFICINA NO INVENTARIABLE,920. .22000. ,20000.0,20098.01,17740.68
PRENSA. LIBROS Y OTRAS PUBLICACIONES,920. .22001. ,8000.0,8000.0,8555.63
COMBUSTIBLES Y CARBURANTES,920. .22103. ,55000.0,57242.5,53243.74
COMUNICACIONES TELEFONICAS,920. .22200. ,60000.0,60000.0,65654.95
COMUNICACIONES POSTALES,920. .22201. ,53000.0,53000.0,63075.64
TRANSPORTES,920. .22300.00,1000.0,13314.84,12843.64
SEGURO RESPONSABILIDAD CIVIL y DEL PERSONAL,920. .22401. ,78000.0,78040.23,69068.88
ATENCIONES PROTOCOLARIAS Y REPRESENTATIVAS,920. .22601. ,22000.0,25219.5,39646.9
TASA POR PUBLICACION EN BOLETINES OFICIALES,920. .22603. ,9572.58,9572.58,13183.58
CONVENIO LIQUIDACIÓN ABOGADOS ESPUNY,920. .22604.00,81181.9,81181.9,81181.88
SERVICIO ASESORÍA Y DEFENSA JURIDICA,920. .22604.01,35000.0,35000.0,15834.18
OTROS GASTOS JURÍDICOS,920. .22604.02,200000.0,200000.0,103661.35
ESCUDOS BODAS,920. .22699.00,1500.0,1435.2,13.79
GASTOS DIVERSOS,920. .22699.01,20000.0,45083.19,21917.36
"CONVENIO COLEGIO ABOGADOS, MEDIACION HIPOTECAS",920. .22699.02,3000.0,3000.0,1500.0
ESTUDIOS Y TRABAJOS TECNICOS  (ASESORÍA LABORAL),920. .22706. ,31891.73,31891.73,33880.0
REVISION MEDICA ANUAL PERSONAL Y PREVENCION RIESGO,920. .22799. ,10300.0,10300.0,3206.19
PREVENCIÓN DE RIESGOS LABORALES,920. .22799.01,14584.13,14584.13,12824.76
DIETAS PERSONAL,920. .23010. ,8000.0,8000.0,4444.08
TRABAJOS DE IMPRENTA (diariet),920. .24000. ,12500.0,12500.0,9613.38
,,,,
APORTACIOÓN FVMP,920. .46600. ,5658.2,5723.0,5723.0
,,,,
,,,,
PUBLICIDAD Y CAMPAÑAS INSTITUCIONALES,924. .22602. ,30000.0,44372.38,103307.55
PROGRAMAS Y ACTIVIDADES PARTICIPACION CIUDADANA,924. .22609.01,500.0,500.0,605.0
,,,,
,,,,
EQUIPOS DE IMPRESIÓN,9261. .20300. ,30000.0,30000.0,33039.81
"TAO (Padrón Habitantes,Registro,Contabilidad,Gesti",9261. .20600.01,18000.0,18000.0,21830.86
WINPLUS,9261. .20600.02,600.0,600.0,470.52
DERECHO PÚBLICO,9261. .20600.03,3000.0,3000.0,
EL CONSULTOR/ BIBLIOGRAFÍA EL CONSULTOR RED,9261. .20600.04,3000.0,3000.0,2815.09
Vmware,9261. .20600.05,3000.0,3000.0,
LICENCIAS BACKUP,9261. .20600.06,1200.0,1200.0,
"MANTENIMIENTO ""GESTIÓN EXPEDIENTES""",9261. .20600.08,25000.0,25000.0,20520.0
MANTENIMIENTO APLICACIONES INFORMÁTICAS,9261. .21600.02,10000.0,10000.0,14723.86
MANTENIMIENTO ORACLE,9261. .21600.05,5600.0,5600.0,
CITRIX,9261. .21600.06,4200.0,4200.0,4155.14
MANTENIMIENTO LICENCIAS ANTIVIRUS TREND MICRO,9261. .21600.01,1500.0,1500.0,4952.15
EXTENSIÓN GARANTÍA SERVIDORES DELL,9261. .21600.04,2900.0,2900.0,
EXTENSIÓN GARANTÍA CABINA Y SERVIDORES IBM,9261. .21600.03,3000.0,3000.0,
GASTOS VARIOS,9261. .22699. ,2000.0,2036.3,5984.47
SOPORTE TÉCNICO,9261. .22700.01,11500.0,11500.0,
,,,,
AMPLIACION SERVIDORES,9261. .63300.15,17000.0,38870.81,20938.28
RENOVACION DE ORDENADORES,9261. .63600. ,8000.0,25865.07,15152.76
,,,,
,,,,
FONDO DE CONTINGENCIA ART. 31 LOES,929. .50000.00,147420.37,372.37,
FONDO DE CONTINGENCIA SOCIAL,929. .50000.01,35000.0,,
,,,,
,,,,
,,,,
RETRIBUCIONES BASICAS FUNCIONARIOS A1,931. .12000. ,74335.72,74335.72,42520.11
RETRIBUCIONES BASICAS FUNCIONARIOS A2,931. .12001. ,15561.36,15561.36,16165.22
RETRIBUCIONES BASICAS FUNCIONARIOS C1,931. .12003. ,49049.08,49049.08,37423.87
RETRIBUCIONES BASICAS FUNCIONARIOS C2,931. .12004. ,41436.94,41436.94,31139.76
TRIENIOS FUNCIONARIOS,931. .12006. ,16234.32,16234.32,16421.83
COMPLEMENTO DE DESTINO FUNCIONARIOS,931. .12100. ,82588.83,82588.83,60773.26
COMPLEMENTO ESPECÍFICO FUNCIONARIOS,931. .12101. ,143665.2,143665.2,106165.08
PLAN DE OCUPACION CONJUNTO 2014,931. .13100. ,,,38883.87
ECORJV/2014/112/12 ORIENTAT,931. .13100.01,,,20573.49
ECORJV/2014/175/12 FESCULTURA,931. .13100.02,,,34654.13
SALARIO JOVEN INTVC ECORJV/2015/411/12,931. .13100.1,,11485.66,
SALARIO JOVEN PERSONAL ECORJV/2015/436/12,931. .13100.2,,11465.19,
GRATIFICACIONES POR PROLONGACION  DE JORNADA,931. .15100. ,3000.0,3000.0,8301.67
SEGURIDAD SOCIAL,931. .16000. ,113707.68,133707.68,116572.88
,,,,
INTERESES ANTICIPO RECAUDACIÓN,931. .31900. ,115886.48,15886.48,15313.05
,,,,
,,,,
GESTION RECAUDATORIA,932. .22708. ,408000.0,508000.0,507111.91
,,,,
#TOTALES,,24300000.0,26438213.14,24154220.66
